<?xml version="1.0" encoding="UTF-8"?>
<!--
 ! Source code generated by Celerio, a Jaxio product.
 ! Documentation: http://www.jaxio.com/documentation/celerio/
 ! Follow us on twitter: @jaxiosoft
 ! Need commercial support ? Contact us: info@jaxio.com
 ! Template pack-custom:springboot/src/main/resources/logback-spring.p.vm.xml
-->
<configuration scan="true">
    <appender name="CONSOLE" class="ch.qos.logback.core.ConsoleAppender">
        <encoder>
            <charset>utf-8</charset>
            <Pattern>[%p] %c - %m%n</Pattern>
        </encoder>
    </appender>

<!-- The FILE and ASYNC appenders are here as examples for a production configuration -->
<!--
    <appender name="FILE" class="ch.qos.logback.core.rolling.RollingFileAppender">
        <rollingPolicy class="ch.qos.logback.core.rolling.TimeBasedRollingPolicy">
            <fileNamePattern>logFile.%d{yyyy-MM-dd}.log</fileNamePattern>
            <maxHistory>90</maxHistory>
        </rollingPolicy>
        <encoder>
            <charset>utf-8</charset>
            <Pattern>%d %-5level [%thread] %logger{0}: %msg%n</Pattern>
        </encoder>
    </appender>

    <appender name="ASYNC" class="ch.qos.logback.classic.AsyncAppender">
        <queueSize>512</queueSize>
        <appender-ref ref="FILE"/>
    </appender>
-->

    <logger name="com.jaxio.demo" level="${logback.loglevel}"/>

    <logger name="javax.activation" level="WARN"/>
    <logger name="javax.mail" level="WARN"/>
    <logger name="javax.xml.bind" level="WARN"/>
    <logger name="ch.qos.logback" level="WARN"/>
    <logger name="com.codahale.metrics" level="WARN"/>
    <logger name="com.ryantenney" level="WARN"/>
    <logger name="com.sun.xml.internal.bind" level="WARN"/>
    <logger name="com.zaxxer" level="WARN"/>
    <logger name="io.undertow" level="WARN"/>
    <logger name="net.sf.ehcache" level="WARN"/>
    <logger name="org.apache" level="WARN"/>
    <logger name="org.apache.catalina.startup.DigesterFactory" level="OFF"/>
    <logger name="org.bson" level="WARN"/>
    <logger name="org.elasticsearch" level="WARN"/>
    <logger name="org.hibernate.validator" level="WARN"/>
    <logger name="org.hibernate" level="WARN"/>
    <logger name="org.hibernate.ejb.HibernatePersistence" level="OFF"/>
    <logger name="org.springframework" level="WARN"/>
    <logger name="org.springframework.boot.context.web.OrderedRequestContextFilter" level="WARN"/>
    <logger name="org.springframework.web" level="WARN"/>
    <logger name="org.springframework.security" level="WARN"/>
    <logger name="org.springframework.cache" level="WARN"/>
    <!-- pour tracer la construction des beans Spring -->
    <logger name="org.springframework.beans.factory.support.DefaultListableBeanFactory" level="WARN"/>
    <logger name="org.thymeleaf" level="WARN"/>
    <logger name="org.xnio" level="WARN"/>
    <logger name="springfox" level="WARN"/>
    <logger name="sun.rmi" level="WARN"/>
    <logger name="liquibase" level="WARN"/>
    <logger name="sun.rmi.transport" level="WARN"/>

    <logger name="com.atomikos" level="WARN"/>

    <contextListener class="ch.qos.logback.classic.jul.LevelChangePropagator">
        <resetJUL>true</resetJUL>
    </contextListener>

    <root level="${logback.loglevel}">
        <appender-ref ref="CONSOLE"/>
    </root>

</configuration>
